Workbook

Sheet Dashboard
A1: CAFE INVENTORY MANAGEMENT DASHBOARD
A2: Sistem Monitoring Stok Real-time, Nilai Inventaris, dan Peringatan Restock Otomatis
A4: TOTAL PRODUCT SKUs | D4: TOTAL INVENTORY VALUE | G4: ITEMS TO RESTOCK
A5: =COUNTA(Master_Product!A2:A100) -> 16 | D5: =SUM(Inventory_Summary!J2:J100) -> 7439000 | G5: =COUNTIF(Inventory_Summary!K2:K100, "RESTOCK NOW") -> 10
A7: CRITICAL LOW STOCK ALERT (PERLU RESTOCK)
A8: Product ID | B8: Product Name | C8: Category | D8: Current Stock | E8: Min Stock | F8: Status
A9: =Inventory_Summary!A2 -> PRD-001 | B9: =Inventory_Summary!B2 -> Espresso Blend House 1kg | C9: =Inventory_Summary!C2 -> Coffee Beans | D9: =Inventory_Summary!H2 -> 4 | E9: =Inventory_Summary!E2 -> 5 | F9: =Inventory_Summary!K2 -> RESTOCK NOW
A10: =Inventory_Summary!A3 -> PRD-002 | B10: =Inventory_Summary!B3 -> Arabica Single Origin Aceh 1kg | C10: =Inventory_Summary!C3 -> Coffee Beans | D10: =Inventory_Summary!H3 -> 0 | E10: =Inventory_Summary!E3 -> 3 | F10: =Inventory_Summary!K3 -> RESTOCK NOW
A11: =Inventory_Summary!A4 -> PRD-003 | B11: =Inventory_Summary!B4 -> Susu UHT Full Cream 1L | C11: =Inventory_Summary!C4 -> Dairy & Fresh | D11: =Inventory_Summary!H4 -> 15 | E11: =Inventory_Summary!E4 -> 24 | F11: =Inventory_Summary!K4 -> RESTOCK NOW
A12: =Inventory_Summary!A5 -> PRD-004 | B12: =Inventory_Summary!B5 -> Fresh Milk Pasteurisasi 1L | C12: =Inventory_Summary!C5 -> Dairy & Fresh | D12: =Inventory_Summary!H5 -> 12 | E12: =Inventory_Summary!E5 -> 15 | F12: =Inventory_Summary!K5 -> RESTOCK NOW
A13: =Inventory_Summary!A6 -> PRD-005 | B13: =Inventory_Summary!B6 -> Whipped Cream Spray 500g | C13: =Inventory_Summary!C6 -> Dairy & Fresh | D13: =Inventory_Summary!H6 -> 0 | E13: =Inventory_Summary!E6 -> 4 | F13: =Inventory_Summary!K6 -> RESTOCK NOW
A14: =Inventory_Summary!A7 -> PRD-006 | B14: =Inventory_Summary!B7 -> Sirup Vanilla 760ml | C14: =Inventory_Summary!C7 -> Syrups & Flavors | D14: =Inventory_Summary!H7 -> 2 | E14: =Inventory_Summary!E7 -> 3 | F14: =Inventory_Summary!K7 -> RESTOCK NOW

Sheet Inventory_Summary
A1: Product ID | B1: Product Name | C1: Category | D1: Unit | E1: Min Stock | F1: Total Stock In | G1: Total Stock Out | H1: Current Stock | I1: Unit Cost (Rp) | J1: Total Value (Rp) | K1: Stock Status | L1: Reorder Qty Target
A2: =Master_Product!A2 -> PRD-001 | B2: =Master_Product!B2 -> Espresso Blend House 1kg | C2: =Master_Product!C2 -> Coffee Beans | D2: =Master_Product!D2 -> Kg | E2: =Master_Product!G2 -> 5 | F2: =SUMIF(Stock_In!C:C, A2, Stock_In!F:F) -> 20 | G2: =SUMIF(Stock_Out!C:C, A2, Stock_Out!F:F) -> 16 | H2: =F2-G2 -> 4 | I2: =Master_Product!E2 -> 185000 | J2: =H2*I2 -> 740000 | K2: =IF(H2<=E2, "RESTOCK NOW", "SAFE") -> RESTOCK NOW | L2: =IF(H2<=E2, (E2*2)-H2, 0) -> 6
A3: =Master_Product!A3 -> PRD-002 | B3: =Master_Product!B3 -> Arabica Single Origin Aceh 1kg | C3: =Master_Product!C3 -> Coffee Beans | D3: =Master_Product!D3 -> Kg | E3: =Master_Product!G3 -> 3 | F3: =SUMIF(Stock_In!C:C, A3, Stock_In!F:F) -> 0 | G3: =SUMIF(Stock_Out!C:C, A3, Stock_Out!F:F) -> 0 | H3: =F3-G3 -> 0 | I3: =Master_Product!E3 -> 220000 | J3: =H3*I3 -> 0 | K3: =IF(H3<=E3, "RESTOCK NOW", "SAFE") -> RESTOCK NOW | L3: =IF(H3<=E3, (E3*2)-H3, 0) -> 6
A4: =Master_Product!A4 -> PRD-003 | B4: =Master_Product!B4 -> Susu UHT Full Cream 1L | C4: =Master_Product!C4 -> Dairy & Fresh | D4: =Master_Product!D4 -> Liter | E4: =Master_Product!G4 -> 24 | F4: =SUMIF(Stock_In!C:C, A4, Stock_In!F:F) -> 100 | G4: =SUMIF(Stock_Out!C:C, A4, Stock_Out!F:F) -> 85 | H4: =F4-G4 -> 15 | I4: =Master_Product!E4 -> 18500 | J4: =H4*I4 -> 277500 | K4: =IF(H4<=E4, "RESTOCK NOW", "SAFE") -> RESTOCK NOW | L4: =IF(H4<=E4, (E4*2)-H4, 0) -> 33
A5: =Master_Product!A5 -> PRD-004 | B5: =Master_Product!B5 -> Fresh Milk Pasteurisasi 1L | C5: =Master_Product!C5 -> Dairy & Fresh | D5: =Master_Product!D5 -> Liter | E5: =Master_Product!G5 -> 15 | F5: =SUMIF(Stock_In!C:C, A5, Stock_In!F:F) -> 50 | G5: =SUMIF(Stock_Out!C:C, A5, Stock_Out!F:F) -> 38 | H5: =F5-G5 -> 12 | I5: =Master_Product!E5 -> 22000 | J5: =H5*I5 -> 264000 | K5: =IF(H5<=E5, "RESTOCK NOW", "SAFE") -> RESTOCK NOW | L5: =IF(H5<=E5, (E5*2)-H5, 0) -> 18
A6: =Master_Product!A6 -> PRD-005 | B6: =Master_Product!B6 -> Whipped Cream Spray 500g | C6: =Master_Product!C6 -> Dairy & Fresh | D6: =Master_Product!D6 -> Can | E6: =Master_Product!G6 -> 4 | F6: =SUMIF(Stock_In!C:C, A6, Stock_In!F:F) -> 0 | G6: =SUMIF(Stock_Out!C:C, A6, Stock_Out!F:F) -> 0 | H6: =F6-G6 -> 0 | I6: =Master_Product!E6 -> 65000 | J6: =H6*I6 -> 0 | K6: =IF(H6<=E6, "RESTOCK NOW", "SAFE") -> RESTOCK NOW | L6: =IF(H6<=E6, (E6*2)-H6, 0) -> 8
A7: =Master_Product!A7 -> PRD-006 | B7: =Master_Product!B7 -> Sirup Vanilla 760ml | C7: =Master_Product!C7 -> Syrups & Flavors | D7: =Master_Product!D7 -> Botol | E7: =Master_Product!G7 -> 3 | F7: =SUMIF(Stock_In!C:C, A7, Stock_In!F:F) -> 6 | G7: =SUMIF(Stock_Out!C:C, A7, Stock_Out!F:F) -> 4 | H7: =F7-G7 -> 2 | I7: =Master_Product!E7 -> 135000 | J7: =H7*I7 -> 270000 | K7: =IF(H7<=E7, "RESTOCK NOW", "SAFE") -> RESTOCK NOW | L7: =IF(H7<=E7, (E7*2)-H7, 0) -> 4
A8: =Master_Product!A8 -> PRD-007 | B8: =Master_Product!B8 -> Sirup Hazelnut 760ml | C8: =Master_Product!C8 -> Syrups & Flavors | D8: =Master_Product!D8 -> Botol | E8: =Master_Product!G8 -> 3 | F8: =SUMIF(Stock_In!C:C, A8, Stock_In!F:F) -> 0 | G8: =SUMIF(Stock_Out!C:C, A8, Stock_Out!F:F) -> 0 | H8: =F8-G8 -> 0 | I8: =Master_Product!E8 -> 135000 | J8: =H8*I8 -> 0 | K8: =IF(H8<=E8, "RESTOCK NOW", "SAFE") -> RESTOCK NOW | L8: =IF(H8<=E8, (E8*2)-H8, 0) -> 6
A9: =Master_Product!A9 -> PRD-008 | B9: =Master_Product!B9 -> Sirup Caramel 760ml | C9: =Master_Product!C9 -> Syrups & Flavors | D9: =Master_Product!D9 -> Botol | E9: =Master_Product!G9 -> 3 | F9: =SUMIF(Stock_In!C:C, A9, Stock_In!F:F) -> 0 | G9: =SUMIF(Stock_Out!C:C, A9, Stock_Out!F:F) -> 0 | H9: =F9-G9 -> 0 | I9: =Master_Product!E9 -> 135000 | J9: =H9*I9 -> 0 | K9: =IF(H9<=E9, "RESTOCK NOW", "SAFE") -> RESTOCK NOW | L9: =IF(H9<=E9, (E9*2)-H9, 0) -> 6
A10: =Master_Product!A10 -> PRD-009 | B10: =Master_Product!B10 -> Matcha Powder Premium 1kg | C10: =Master_Product!C10 -> Beverage Base | D10: =Master_Product!D10 -> Kg | E10: =Master_Product!G10 -> 2 | F10: =SUMIF(Stock_In!C:C, A10, Stock_In!F:F) -> 5 | G10: =SUMIF(Stock_Out!C:C, A10, Stock_Out!F:F) -> 0 | H10: =F10-G10 -> 5 | I10: =Master_Product!E10 -> 280000 | J10: =H10*I10 -> 1400000 | K10: =IF(H10<=E10, "RESTOCK NOW", "SAFE") -> SAFE | L10: =IF(H10<=E10, (E10*2)-H10, 0) -> 0
A11: =Master_Product!A11 -> PRD-010 | B11: =Master_Product!B11 -> Chocolate Powder Pure 1kg | C11: =Master_Product!C11 -> Beverage Base | D11: =Master_Product!D11 -> Kg | E11: =Master_Product!G11 -> 3 | F11: =SUMIF(Stock_In!C:C, A11, Stock_In!F:F) -> 8 | G11: =SUMIF(Stock_Out!C:C, A11, Stock_Out!F:F) -> 0 | H11: =F11-G11 -> 8 | I11: =Master_Product!E11 -> 160000 | J11: =H11*I11 -> 1280000 | K11: =IF(H11<=E11, "RESTOCK NOW", "SAFE") -> SAFE | L11: =IF(H11<=E11, (E11*2)-H11, 0) -> 0
A12: =Master_Product!A12 -> PRD-011 | B12: =Master_Product!B12 -> Teh Earl Grey Loose 500g | C12: =Master_Product!C12 -> Beverage Base | D12: =Master_Product!D12 -> Pack | E12: =Master_Product!G12 -> 2 | F12: =SUMIF(Stock_In!C:C, A12, Stock_In!F:F) -> 0 | G12: =SUMIF(Stock_Out!C:C, A12, Stock_Out!F:F) -> 0 | H12: =F12-G12 -> 0 | I12: =Master_Product!E12 -> 95000 | J12: =H12*I12 -> 0 | K12: =IF(H12<=E12, "RESTOCK NOW", "SAFE") -> RESTOCK NOW | L12: =IF(H12<=E12, (E12*2)-H12, 0) -> 4
A13: =Master_Product!A13 -> PRD-012 | B13: =Master_Product!B13 -> Butter Croissant (Frozen) | C13: =Master_Product!C13 -> Bakery & Pastry | D13: =Master_Product!D13 -> Pcs | E13: =Master_Product!G13 -> 30 | F13: =SUMIF(Stock_In!C:C, A13, Stock_In!F:F) -> 100 | G13: =SUMIF(Stock_Out!C:C, A13, Stock_Out!F:F) -> 45 | H13: =F13-G13 -> 55 | I13: =Master_Product!E13 -> 12000 | J13: =H13*I13 -> 660000 | K13: =IF(H13<=E13, "RESTOCK NOW", "SAFE") -> SAFE | L13: =IF(H13<=E13, (E13*2)-H13, 0) -> 0
... A17: =Master_Product!A17 -> PRD-016 | B17: =Master_Product!B17 -> Paper Straw Bio 100s | C17: =Master_Product!C17 -> Packaging | D17: =Master_Product!D17 -> Pack | E17: =Master_Product!G17 -> 10 | F17: =SUMIF(Stock_In!C:C, A17, Stock_In!F:F) -> 0 | G17: =SUMIF(Stock_Out!C:C, A17, Stock_Out!F:F) -> 0 | H17: =F17-G17 -> 0 | I17: =Master_Product!E17 -> 15000 | J17: =H17*I17 -> 0 | K17: =IF(H17<=E17, "RESTOCK NOW", "SAFE") -> RESTOCK NOW | L17: =IF(H17<=E17, (E17*2)-H17, 0) -> 20

Sheet Master_Product
A1: Product ID | B1: Product Name | C1: Category | D1: Unit | E1: Unit Cost (Rp) | F1: Selling Price (Rp) | G1: Min Stock Level | H1: Supplier ID
A2: PRD-001 | B2: Espresso Blend House 1kg | C2: Coffee Beans | D2: Kg | E2: 185000 | F2: 320000 | G2: 5 | H2: SUP-001
A3: PRD-002 | B3: Arabica Single Origin Aceh 1kg | C3: Coffee Beans | D3: Kg | E3: 220000 | F3: 380000 | G3: 3 | H3: SUP-001
A4: PRD-003 | B4: Susu UHT Full Cream 1L | C4: Dairy & Fresh | D4: Liter | E4: 18500 | F4: 25000 | G4: 24 | H4: SUP-002
A5: PRD-004 | B5: Fresh Milk Pasteurisasi 1L | C5: Dairy & Fresh | D5: Liter | E5: 22000 | F5: 30000 | G5: 15 | H5: SUP-002
A6: PRD-005 | B6: Whipped Cream Spray 500g | C6: Dairy & Fresh | D6: Can | E6: 65000 | F6: 90000 | G6: 4 | H6: SUP-002
A7: PRD-006 | B7: Sirup Vanilla 760ml | C7: Syrups & Flavors | D7: Botol | E7: 135000 | F7: 180000 | G7: 3 | H7: SUP-003
A8: PRD-007 | B8: Sirup Hazelnut 760ml | C8: Syrups & Flavors | D8: Botol | E8: 135000 | F8: 180000 | G8: 3 | H8: SUP-003
A9: PRD-008 | B9: Sirup Caramel 760ml | C9: Syrups & Flavors | D9: Botol | E9: 135000 | F9: 180000 | G9: 3 | H9: SUP-003
A10: PRD-009 | B10: Matcha Powder Premium 1kg | C10: Beverage Base | D10: Kg | E10: 280000 | F10: 420000 | G10: 2 | H10: SUP-003
A11: PRD-010 | B11: Chocolate Powder Pure 1kg | C11: Beverage Base | D11: Kg | E11: 160000 | F11: 250000 | G11: 3 | H11: SUP-003
A12: PRD-011 | B12: Teh Earl Grey Loose 500g | C12: Beverage Base | D12: Pack | E12: 95000 | F12: 150000 | G12: 2 | H12: SUP-003
A13: PRD-012 | B13: Butter Croissant (Frozen) | C13: Bakery & Pastry | D13: Pcs | E13: 12000 | F13: 28000 | G13: 30 | H13: SUP-005
... A17: PRD-016 | B17: Paper Straw Bio 100s | C17: Packaging | D17: Pack | E17: 15000 | F17: 25000 | G17: 10 | H17: SUP-004

Sheet Master_Category
A1: Category ID | B1: Category Name | C1: Description
A2: CAT-001 | B2: Coffee Beans | C2: Biji kopi espresso blend dan single origin
A3: CAT-002 | B3: Dairy & Fresh | C3: Susu segar, UHT, whipped cream, dan mentega
A4: CAT-003 | B4: Syrups & Flavors | C4: Sirup rasa, saus karamel, rasa buah
A5: CAT-004 | B5: Beverage Base | C5: Bubuk matcha, cokelat, taro, dan teh
A6: CAT-005 | B6: Bakery & Pastry | C6: Croissant, muffin, dan cake mentah/jadi
A7: CAT-006 | B7: Packaging | C7: Paper cup, plastic cup, sedotan, lid, & take away bag

Sheet Master_Supplier
A1: Supplier ID | B1: Supplier Name | C1: Contact Person | D1: Phone | E1: Email | F1: City
A2: SUP-001 | B2: PT Kopi Nusantara Jaya | C2: Budi Santoso | D2: 081122334455 | E2: budi@kopinusantara.co.id | F2: Bandung
A3: SUP-002 | B3: CV Susu Segar Utama | C3: Siti Rahma | D3: 081299887766 | E3: sales@sususegar.com | F3: Bogor
A4: SUP-003 | B4: PT Flavor Gourmet Indonesia | C4: Rian Hidayat | D4: 081377665544 | E4: order@flavorgourmet.id | F4: Jakarta
A5: SUP-004 | B5: PT Kemasan Mandiri Pack | C5: Dewi Lestari | D5: 081511223344 | E5: info@kemasanmandiri.com | F5: Tangerang
A6: SUP-005 | B6: CV Pastry Lezat Bakes | C6: Chef Andi | D6: 081844332211 | E6: andi@pastrylezat.com | F6: Depok

Sheet Master_Customer
A1: Customer ID | B1: Customer Name | C1: Customer Type | D1: Phone | E1: Notes
A2: CUST-001 | B2: Walk-in Retail Customer | C2: Direct Sale | D2: - | E2: Penjualan harian kasir toko
A3: CUST-002 | B3: GoFood / GrabFood / ShopeeFood | C3: Online Delivery | D3: - | E3: Penjualan via platform online
A4: CUST-003 | B4: Office Catering - PT Teknologi Maju | C4: B2B Corporate | D4: 081900112233 | E4: Pesanan rutin bulanan event kantor
A5: CUST-004 | B5: Event Organizer Wedding Ceria | C5: B2B Event | D5: 081766554433 | E5: Pesanan booth coffee bar event
A6: CUST-005 | B6: Reseller Pastry & Botolan | C6: Wholesale | D6: 081233445566 | E6: Pengambilan mingguan botol kopi & croissant

Sheet Stock_In
A1: Txn ID | B1: Date | C1: Product ID | D1: Product Name | E1: Category | F1: Qty In | G1: Unit Cost (Rp) | H1: Total Cost (Rp) | I1: Supplier ID | J1: Notes
A2: IN-2026-001 | B2: 2026-08-01 | C2: PRD-001 | D2: =_xlfn.XLOOKUP(C2, Master_Product!A:A, Master_Product!B:B) -> Espresso Blend House 1kg | E2: =_xlfn.XLOOKUP(C2, Master_Product!A:A, Master_Product!C:C) -> Coffee Beans | F2: 20 | G2: 185000 | H2: =F2*G2 -> 3700000 | I2: SUP-001 | J2: Restock awal bulan
A3: IN-2026-002 | B3: 2026-08-01 | C3: PRD-003 | D3: =_xlfn.XLOOKUP(C3, Master_Product!A:A, Master_Product!B:B) -> Susu UHT Full Cream 1L | E3: =_xlfn.XLOOKUP(C3, Master_Product!A:A, Master_Product!C:C) -> Dairy & Fresh | F3: 100 | G3: 18500 | H3: =F3*G3 -> 1850000 | I3: SUP-002 | J3: Pengiriman mingguan
A4: IN-2026-003 | B4: 2026-08-01 | C4: PRD-006 | D4: =_xlfn.XLOOKUP(C4, Master_Product!A:A, Master_Product!B:B) -> Sirup Vanilla 760ml | E4: =_xlfn.XLOOKUP(C4, Master_Product!A:A, Master_Product!C:C) -> Syrups & Flavors | F4: 6 | G4: 135000 | H4: =F4*G4 -> 810000 | I4: SUP-003 | J4: Stok bulanan sirup
A5: IN-2026-004 | B5: 2026-08-02 | C5: PRD-014 | D5: =_xlfn.XLOOKUP(C5, Master_Product!A:A, Master_Product!B:B) -> Paper Cup Hot 8oz + Lid | E5: =_xlfn.XLOOKUP(C5, Master_Product!A:A, Master_Product!C:C) -> Packaging | F5: 1000 | G5: 850 | H5: =F5*G5 -> 850000 | I5: SUP-004 | J5: Pengadaan cup hot
A6: IN-2026-005 | B6: 2026-08-02 | C6: PRD-015 | D6: =_xlfn.XLOOKUP(C6, Master_Product!A:A, Master_Product!B:B) -> Plastic Cup Cold 16oz + Lid | E6: =_xlfn.XLOOKUP(C6, Master_Product!A:A, Master_Product!C:C) -> Packaging | F6: 1500 | G6: 1100 | H6: =F6*G6 -> 1650000 | I6: SUP-004 | J6: Pengadaan cup cold
A7: IN-2026-006 | B7: 2026-08-03 | C7: PRD-012 | D7: =_xlfn.XLOOKUP(C7, Master_Product!A:A, Master_Product!B:B) -> Butter Croissant (Frozen) | E7: =_xlfn.XLOOKUP(C7, Master_Product!A:A, Master_Product!C:C) -> Bakery & Pastry | F7: 100 | G7: 12000 | H7: =F7*G7 -> 1200000 | I7: SUP-005 | J7: Stock pastry frozen
A8: IN-2026-007 | B8: 2026-08-03 | C8: PRD-013 | D8: =_xlfn.XLOOKUP(C8, Master_Product!A:A, Master_Product!B:B) -> Pain Au Chocolat (Frozen) | E8: =_xlfn.XLOOKUP(C8, Master_Product!A:A, Master_Product!C:C) -> Bakery & Pastry | F8: 80 | G8: 14000 | H8: =F8*G8 -> 1120000 | I8: SUP-005 | J8: Stock pastry frozen
A9: IN-2026-008 | B9: 2026-08-04 | C9: PRD-004 | D9: =_xlfn.XLOOKUP(C9, Master_Product!A:A, Master_Product!B:B) -> Fresh Milk Pasteurisasi 1L | E9: =_xlfn.XLOOKUP(C9, Master_Product!A:A, Master_Product!C:C) -> Dairy & Fresh | F9: 50 | G9: 22000 | H9: =F9*G9 -> 1100000 | I9: SUP-002 | J9: Susu segar batch 2
A10: IN-2026-009 | B10: 2026-08-05 | C10: PRD-009 | D10: =_xlfn.XLOOKUP(C10, Master_Product!A:A, Master_Product!B:B) -> Matcha Powder Premium 1kg | E10: =_xlfn.XLOOKUP(C10, Master_Product!A:A, Master_Product!C:C) -> Beverage Base | F10: 5 | G10: 280000 | H10: =F10*G10 -> 1400000 | I10: SUP-003 | J10: Powder matcha extra
A11: IN-2026-010 | B11: 2026-08-05 | C11: PRD-010 | D11: =_xlfn.XLOOKUP(C11, Master_Product!A:A, Master_Product!B:B) -> Chocolate Powder Pure 1kg | E11: =_xlfn.XLOOKUP(C11, Master_Product!A:A, Master_Product!C:C) -> Beverage Base | F11: 8 | G11: 160000 | H11: =F11*G11 -> 1280000 | I11: SUP-003 | J11: Powder cokelat

Sheet Stock_Out
A1: Txn ID | B1: Date | C1: Product ID | D1: Product Name | E1: Category | F1: Qty Out | G1: Unit Price (Rp) | H1: Total Amount (Rp) | I1: Customer ID | J1: Notes
A2: OUT-2026-001 | B2: 2026-08-01 | C2: PRD-001 | D2: =_xlfn.XLOOKUP(C2, Master_Product!A:A, Master_Product!B:B) -> Espresso Blend House 1kg | E2: =_xlfn.XLOOKUP(C2, Master_Product!A:A, Master_Product!C:C) -> Coffee Beans | F2: 4 | G2: 320000 | H2: =F2*G2 -> 1280000 | I2: CUST-001 | J2: Pemakaian bar harian
A3: OUT-2026-002 | B3: 2026-08-01 | C3: PRD-003 | D3: =_xlfn.XLOOKUP(C3, Master_Product!A:A, Master_Product!B:B) -> Susu UHT Full Cream 1L | E3: =_xlfn.XLOOKUP(C3, Master_Product!A:A, Master_Product!C:C) -> Dairy & Fresh | F3: 35 | G3: 25000 | H3: =F3*G3 -> 875000 | I3: CUST-001 | J3: Pemakaian bar harian
A4: OUT-2026-003 | B4: 2026-08-02 | C4: PRD-014 | D4: =_xlfn.XLOOKUP(C4, Master_Product!A:A, Master_Product!B:B) -> Paper Cup Hot 8oz + Lid | E4: =_xlfn.XLOOKUP(C4, Master_Product!A:A, Master_Product!C:C) -> Packaging | F4: 250 | G4: 1500 | H4: =F4*G4 -> 375000 | I4: CUST-001 | J4: Terjual ke pelanggan
A5: OUT-2026-004 | B5: 2026-08-02 | C5: PRD-015 | D5: =_xlfn.XLOOKUP(C5, Master_Product!A:A, Master_Product!B:B) -> Plastic Cup Cold 16oz + Lid | E5: =_xlfn.XLOOKUP(C5, Master_Product!A:A, Master_Product!C:C) -> Packaging | F5: 400 | G5: 2000 | H5: =F5*G5 -> 800000 | I5: CUST-002 | J5: Terjual online order
A6: OUT-2026-005 | B6: 2026-08-03 | C6: PRD-012 | D6: =_xlfn.XLOOKUP(C6, Master_Product!A:A, Master_Product!B:B) -> Butter Croissant (Frozen) | E6: =_xlfn.XLOOKUP(C6, Master_Product!A:A, Master_Product!C:C) -> Bakery & Pastry | F6: 45 | G6: 28000 | H6: =F6*G6 -> 1260000 | I6: CUST-001 | J6: Baking harian
A7: OUT-2026-006 | B7: 2026-08-03 | C7: PRD-013 | D7: =_xlfn.XLOOKUP(C7, Master_Product!A:A, Master_Product!B:B) -> Pain Au Chocolat (Frozen) | E7: =_xlfn.XLOOKUP(C7, Master_Product!A:A, Master_Product!C:C) -> Bakery & Pastry | F7: 30 | G7: 32000 | H7: =F7*G7 -> 960000 | I7: CUST-001 | J7: Baking harian
A8: OUT-2026-007 | B8: 2026-08-04 | C8: PRD-001 | D8: =_xlfn.XLOOKUP(C8, Master_Product!A:A, Master_Product!B:B) -> Espresso Blend House 1kg | E8: =_xlfn.XLOOKUP(C8, Master_Product!A:A, Master_Product!C:C) -> Coffee Beans | F8: 12 | G8: 320000 | H8: =F8*G8 -> 3840000 | I8: CUST-003 | J8: Event catering kantor
A9: OUT-2026-008 | B9: 2026-08-04 | C9: PRD-003 | D9: =_xlfn.XLOOKUP(C9, Master_Product!A:A, Master_Product!B:B) -> Susu UHT Full Cream 1L | E9: =_xlfn.XLOOKUP(C9, Master_Product!A:A, Master_Product!C:C) -> Dairy & Fresh | F9: 50 | G9: 25000 | H9: =F9*G9 -> 1250000 | I9: CUST-003 | J9: Event catering kantor
A10: OUT-2026-009 | B10: 2026-08-05 | C10: PRD-006 | D10: =_xlfn.XLOOKUP(C10, Master_Product!A:A, Master_Product!B:B) -> Sirup Vanilla 760ml | E10: =_xlfn.XLOOKUP(C10, Master_Product!A:A, Master_Product!C:C) -> Syrups & Flavors | F10: 4 | G10: 180000 | H10: =F10*G10 -> 720000 | I10: CUST-001 | J10: Pemakaian sirup bar
A11: OUT-2026-010 | B11: 2026-08-05 | C11: PRD-004 | D11: =_xlfn.XLOOKUP(C11, Master_Product!A:A, Master_Product!B:B) -> Fresh Milk Pasteurisasi 1L | E11: =_xlfn.XLOOKUP(C11, Master_Product!A:A, Master_Product!C:C) -> Dairy & Fresh | F11: 38 | G11: 30000 | H11: =F11*G11 -> 1140000 | I11: CUST-001 | J11: Pemakaian susu segar

Sheet PivotData
A1: Category | B1: Total Items | C1: Total Stock Value (Rp)
A2: Coffee Beans | B2: =COUNTIF(Inventory_Summary!C:C, A2) -> 2 | C2: =SUMIF(Inventory_Summary!C:C, A2, Inventory_Summary!J:J) -> 740000
A3: Dairy & Fresh | B3: =COUNTIF(Inventory_Summary!C:C, A3) -> 3 | C3: =SUMIF(Inventory_Summary!C:C, A3, Inventory_Summary!J:J) -> 541500
A4: Syrups & Flavors | B4: =COUNTIF(Inventory_Summary!C:C, A4) -> 3 | C4: =SUMIF(Inventory_Summary!C:C, A4, Inventory_Summary!J:J) -> 270000
A5: Beverage Base | B5: =COUNTIF(Inventory_Summary!C:C, A5) -> 3 | C5: =SUMIF(Inventory_Summary!C:C, A5, Inventory_Summary!J:J) -> 2680000
A6: Bakery & Pastry | B6: =COUNTIF(Inventory_Summary!C:C, A6) -> 2 | C6: =SUMIF(Inventory_Summary!C:C, A6, Inventory_Summary!J:J) -> 1360000
A7: Packaging | B7: =COUNTIF(Inventory_Summary!C:C, A7) -> 3 | C7: =SUMIF(Inventory_Summary!C:C, A7, Inventory_Summary!J:J) -> 1847500
